<?xml version="1.0" encoding="UTF-8"?>
<beans xmlns="http://www.springframework.org/schema/beans"
	xmlns:xsi="http://www.w3.org/2001/XMLSchema-instance"
	xmlns:jdbc="http://www.springframework.org/schema/jdbc"
	xmlns:context="http://www.springframework.org/schema/context"
	xmlns:mybatis-spring="http://mybatis.org/schema/mybatis-spring"
	xsi:schemaLocation="http://www.springframework.org/schema/jdbc http://www.springframework.org/schema/jdbc/spring-jdbc-3.1.xsd
		http://mybatis.org/schema/mybatis-spring http://mybatis.org/schema/mybatis-spring-1.2.xsd
		http://www.springframework.org/schema/beans http://www.springframework.org/schema/beans/spring-beans.xsd
		http://www.springframework.org/schema/context http://www.springframework.org/schema/context/spring-context-3.1.xsd">
	
	<!-- Root Context: defines shared resources visible to all other web components -->
		
	<!-- 오라클 -->
	<!-- MySQL Database를 DataSource로 활용하는 방안을 설정 -->
		<bean id="dataSource" class="org.springframework.jdbc.datasource.DriverManagerDataSource">
		<property name="driverClassName" value="com.mysql.jdbc.Driver"></property>
	    <property name="url" value="jdbc:mysql://127.0.0.1:3306/com?serverTimezone=UTC"></property>
	    <property name="username" value="root"></property>
	    <property name="password" value="12345678"></property>
		</bean>
	
	<!-- 마이바티스 -->
	<bean id="sqlSessionFactory" class="org.mybatis.spring.SqlSessionFactoryBean">
 		<property name="dataSource" ref="dataSource"></property>
 		<property name="configLocation" value="classpath:/mybatis-config.xml"></property>
 		<!-- 매퍼 -->
 		<property name="mapperLocations" value="classpath:mappers/**/*Mapper.xml"/>
 	</bean>
	
	<bean id="sqlSession" class="org.mybatis.spring.SqlSessionTemplate" destroy-method="clearCache">
		<constructor-arg name="sqlSessionFactory" ref="sqlSessionFactory" />
	</bean>
	
	<!-- 패키지 -->
	<context:component-scan base-package="com.kkt.domain" />
	<context:component-scan base-package="com.kkt.persistence" />
	<context:component-scan base-package="com.kkt.service" />
	<context:component-scan base-package="com.kkt.utils" />
	
		
</beans>
