<?xml version="1.0" encoding="UTF-8"?>
<!-- bean에 xmlns:jdbc, xmlns:mybatis-spring, tx추가 -->
<beans xmlns="http://www.springframework.org/schema/beans"
	xmlns:xsi="http://www.w3.org/2001/XMLSchema-instance"
	xmlns:context="http://www.springframework.org/schema/context"
	xmlns:tx="http://www.springframework.org/schema/tx"
	xmlns:jdbc="http://www.springframework.org/schema/jdbc"
	xmlns:mybatis-spring="http://mybatis.org/schema/mybatis-spring"
	xsi:schemaLocation="http://www.springframework.org/schema/jdbc http://www.springframework.org/schema/jdbc/spring-jdbc-4.3.xsd
		http://www.springframework.org/schema/beans https://www.springframework.org/schema/beans/spring-beans.xsd
		http://www.springframework.org/schema/context http://www.springframework.org/schema/context/spring-context-4.3.xsd
		http://www.springframework.org/schema/tx http://www.springframework.org/schema/tx/spring-tx-4.3.xsd">
	
	<!-- Root Context: defines shared resources visible to all other web components -->
		<!-- MySQL Database를 DataSource로 활용하는 방안을 설정 -->
		<bean id="dataSource" class="org.springframework.jdbc.datasource.DriverManagerDataSource">
		<property name="driverClassName" value="com.mysql.jdbc.Driver"></property>
	    <property name="url" value="jdbc:mysql://127.0.0.1:3306/com?serverTimezone=UTC"></property>
	    <property name="username" value="root"></property>
	    <property name="password" value="12345678"></property>
		</bean>
		<!-- 마이바티스 설정 및 맵퍼 설정:sqlSesseionFactory -->
			<bean id="sqlSessionFactory" class="org.mybatis.spring.SqlSessionFactoryBean">
		<property name="dataSource" ref="dataSource"></property>
		<property name="configLocation" value="classpath:/mybatis-config.xml"></property>
		<property name="mapperLocations" value="classpath:/mappers/**/*Mapper.xml"></property>
		<!-- WEB-INF에서 마이바티스를 연결하고싶을때 -->
		<!-- <property name="configLocation" value="/WEB-INF/spring//mybatis-config.xml"></property> -->
		</bean>
		<!-- 마이바티스 SQL로 변경처리하기 위한 설정 : sqlSession -->
		<bean id="sqlSession" class="org.mybatis.spring.SqlSessionTemplate" destroy-method="clearCache">
		<constructor-arg name="sqlSessionFactory" ref="sqlSessionFactory"></constructor-arg>
		</bean>
		<!-- 트랜잭션 설정 : transactionManager -->
		<bean id="transactionManager" class="org.springframework.jdbc.datasource.DataSourceTransactionManager">
			<property name="dataSource" ref="dataSource"></property>
		</bean>
		<!-- 트랜잭션 드라이버 바인딩 -->
		<tx:annotation-driven transaction-manager="transactionManager"/>
		
		<!-- 데이터 바인딩이 필요한 프로젝트 패키지를 지정 -->
		<context:component-scan base-package="com.company.controller"></context:component-scan>
		<context:component-scan base-package="com.company.service"></context:component-scan>
		<context:component-scan base-package="com.company.dao"></context:component-scan>
		<context:component-scan base-package="com.company.vo"></context:component-scan>
		<context:component-scan base-package="com.company.util"></context:component-scan>
</beans>
