<?xml version="1.0" encoding="UTF-8"?>
<beans xmlns="http://www.springframework.org/schema/beans"
	xmlns:xsi="http://www.w3.org/2001/XMLSchema-instance"
	xmlns:tx="http://www.springframework.org/schema/tx"
	xmlns:context="http://www.springframework.org/schema/context"
	xmlns:jdbc="http://www.springframework.org/schema/jdbc"
	xmlns:mybatis-spring="http://mybatis.org/schema/mybatis-spring"
	xsi:schemaLocation="http://www.springframework.org/schema/jdbc http://www.springframework.org/schema/jdbc/spring-jdbc-4.3.xsd
		http://mybatis.org/schema/mybatis-spring http://mybatis.org/schema/mybatis-spring-1.2.xsd
		http://www.springframework.org/schema/beans http://www.springframework.org/schema/beans/spring-beans.xsd
		http://www.springframework.org/schema/context http://www.springframework.org/schema/context/spring-context-4.3.xsd
		http://www.springframework.org/schema/tx http://www.springframework.org/schema/tx/spring-tx-3.1.xsd">
	
	<!-- Root Context: defines shared resources visible to all other web components -->
	<bean id="dataSource"
		class="org.springframework.jdbc.datasource.DriverManagerDataSource">
		<!-- 드라이버 클래스 이름이 변경됨 -->
		<property name="driverClassName" value="net.sf.log4jdbc.sql.jdbcapi.DriverSpy"></property>
		<!-- 연결문자열에 log4jdbc가 추가됨 -->
		<property name="url" value="jdbc:log4jdbc:oracle:thin:@localhost:1521:xe" />
		<property name="username" value="system" />
		<property name="password" value="1234" />
	</bean>
		
    <!-- Mybatis 연동 -->
    <bean id="sqlSessionFactory" class="org.mybatis.spring.SqlSessionFactoryBean">
         <property name="dataSource" ref="dataSource"></property>
         <property name="configLocation" value="classpath:/mybatis-config.xml"></property>
         <property name="mapperLocations" value="classpath:mappers/**/*Mapper.xml"/>
    </bean>
    <bean id="sqlSession" class="org.mybatis.spring.SqlSessionTemplate" destroy-method="clearCache">
        <constructor-arg name="sqlSessionFactory" ref="sqlSessionFactory"></constructor-arg>
    </bean>

    <bean id="transactionManager" class="org.springframework.jdbc.datasource.DataSourceTransactionManager">
    	<property name="dataSource" ref="dataSource"></property>
	</bean>

    <tx:annotation-driven transaction-manager="transactionManager" />

    
    <!-- scan -->
    <context:component-scan base-package="kr.co.service"></context:component-scan>
    <context:component-scan base-package="kr.co.dao"></context:component-scan>
    <context:component-scan base-package="kr.co.vo"></context:component-scan>
    <context:component-scan base-package="kr.co.util"></context:component-scan>
</beans>
