<?xml version="1.0" encoding="UTF-8"?>
<!DOCTYPE mapper
PUBLIC "-//mybatis.org//DTD Mapper 3.0//EN"
"http://mybatis.org/dtd/mybatis-3-mapper.dtd">

<!-- 다른 mapper와 중복되지 않도록 네임스페이스 기재 -->
<mapper namespace="board">
	<!-- 목록불러오기 -->
	<select id="boardList" resultType="com.board.example.dto.BoardDTO">
		select bno, title, writer, regdate, viewcnt 
		from board2 order by bno desc
	</select>
	
	<!-- 상세보기 -->
	<select id="boardRead" resultType="com.board.example.dto.BoardDTO">
		select bno, title, content, writer, regdate, viewcnt 
		from board2 where bno = #{bno }
	</select>
	
	<!-- 글쓰기 -->
	<insert id="boardWriter">
		insert into board2 (bno,title,content,writer) values 
		((select nvl(max(bno)+1, 1) from board2),#{title },#{content },#{writer })
	</insert>
	
	<!-- 글 수정 -->
	<update id="boardUpdate">
		update board2 set title = #{title}, content = #{content} 
		where bno = #{bno}
	</update>
	
	<!-- 글 삭제 -->
	<delete id="boardDelete">
		delete from board2 
		where bno = #{bno }
	</delete>
</mapper>