<?xml version="1.0" encoding="UTF-8"?>
<!DOCTYPE mapper
  PUBLIC "-//mybatis.org//DTD Mapper 3.0//EN"
  "http://mybatis.org/dtd/mybatis-3-mapper.dtd">
<mapper namespace="com.kkt.mappers.adminMapper">
    
	<!-- 카테고리 호출 -->
	<select id="category" resultType="com.kkt.domain.CategoryVO">
		select
			level, cateName, cateCode, cateCodeRef
		from goods_category
	    	where cateCode
	</select>

	<!-- 상품 등록 -->
	<insert id="register">
		insert into goods (gdsName, cateCode, gdsPrice, gdsStock, gdsDes, gdsImg, gdsThumbImg) 
		values (#{gdsName}, #{cateCode}, #{gdsPrice}, #{gdsStock}, #{gdsDes}, #{gdsImg}, #{gdsThumbImg})
	</insert>
 
	<!-- 상품 목록 -->	
	<select id="goodslist" resultType="com.kkt.domain.GoodsVO">
		select
			gdsNum, gdsName, cateCode, gdsPrice, gdsStock, gdsDes, gdsImg, gdsDate
	    from goods
	        order by gdsNum desc
	</select>
	
	<!-- 상품 조회 -->
	<!-- 
	<select id="goodsView" resultType="com.kubg.domain.GoodsVO">
		select gdsNum, gdsName, cateCode, gdsPrice, gdsStock, gdsDes, gdsImg, gdsDate
    		from goods
        		where gdsNum = #{gdsNum}
	</select>
	-->
	
	<!-- 상품 조회 + 카테고리 조인-->
	<select id="goodsView" resultType="com.kkt.domain.GoodsViewVO">
		select 
		    g.gdsNum, g.gdsName, g.cateCode, c.cateCodeRef, c.cateName, gdsPrice, gdsStock, gdsDes, gdsImg, gdsDate, g.gdsImg, g.gdsThumbImg 
		        from goods g 
		            inner join goods_category c 
		                on g.cateCode = c.cateCode 
		                where g.gdsNum = #{gdsNum}
	</select>
	
	<!-- 상품 수정 -->
	<update id="goodsModify">
		update goods
		    set
		        gdsName = #{gdsName},
		        cateCode = #{cateCode},
		        gdsPrice = #{gdsPrice}, 
		        gdsStock = #{gdsStock},
		        gdsDes = #{gdsDes}
		    where gdsNum = #{gdsNum}
	</update>
	
	<!-- 상품 삭제 -->
	<delete id="goodsDelete">
		delete from goods where gdsNum = #{gdsNum}
	</delete>
	 
</mapper>