<?xml version="1.0" encoding="UTF-8"?>
<!DOCTYPE mapper PUBLIC "-//mybatis.org//DTD Mapper 3.0//EN" "http://mybatis.org/dtd/mybatis-3-mapper.dtd" >
<mapper namespace="boardMapper">
	<!-- 게시판 목록 -->
	<select id="boardList" resultType="com.company.vo.BoardVO">
		select seq, title, content, resdate, writer from board
	</select>
	<!-- 게시판 글보기 -->
	<select id="boardRead" resultType="com.company.vo.BoardVO">
		select seq, title, content, resdate, writer from board where seq = #{seq}
	</select>
	<!-- 게시판 글쓰기 -->
	<insert id="boardWriter">
		insert into board (title, content, writer) values (#{title},#{content},#{writer})
	</insert>
	<!-- 게시판 글수정 -->
	<update id="boardUpdate">
		update board set title = #{title}, content = #{content} where seq = #{seq}
	</update>
	<!-- 게시판 글삭제 -->
	<delete id="boardDelete">
		delete from board where seq = #{seq}
	</delete>
	<!-- 최근 게시글 불러오기 -->
	<select id="latestBoard">
		select seq, title, content, resdate, writer, visit 
		from board order by resdate desc LIMIT 0,10;
	</select>
</mapper>
