<?xml version="1.0" encoding="UTF-8"?>
<!DOCTYPE mapper
  PUBLIC "-//mybatis.org//DTD Mapper 3.0//EN"
  "http://mybatis.org/dtd/mybatis-3-mapper.dtd">
<mapper namespace="com.kkt.mappers.shopMapper">
    

	<!-- 카테고리별 상품 리스트 : 1차 분류 -->
	<select id="list_1" resultType="com.kkt.domain.GoodsViewVO">
	select
	    g.gdsNum, g.gdsName, g.cateCode, c.cateCodeRef, c.cateName,
	    gdsPrice, gdsStock, gdsDes, gdsDate, g.gdsImg, g.gdsThumbImg
	        from goods g
	            inner join goods_category c
	                on g.cateCode = c.cateCode            
	            where g.cateCode = #{cateCode}
	            	or c.cateCodeRef = #{cateCodeRef}
	</select>
	
	<!-- 카테고리별 상품 리스트 : 2차 분류 -->
	<select id="list_2" resultType="com.kkt.domain.GoodsViewVO">
	select
	    g.gdsNum, g.gdsName, g.cateCode, c.cateCodeRef, c.cateName,
	    gdsPrice, gdsStock, gdsDes, gdsDate, g.gdsImg, g.gdsThumbImg
	        from goods g
	            inner join goods_category c
	                on g.cateCode = c.cateCode            
	            where g.cateCode = #{cateCode}
	</select>
	
	<!-- 상품 소감(댓글) 작성 -->
	<insert id="registReply">
		insert into reply (gdsNum, userId, repNum, repCon)
	   		values (#{gdsNum}, #{userId}, reply_seq.nextval, #{repCon})
	</insert>
	
	<!-- 상품 소감(댓글) 리스트 -->
	<select id="replyList" resultType="com.kkt.domain.ReplyListVO">
		select
		    r.gdsNum, r.userId, r.repNum, r.repCon, r.repDate, m.userName
		from reply r
		    inner join member m
		        on r.userId = m.userId
		    where gdsNum = #{gdsNum}
	</select>
	
	<!-- 상품 소감(댓글) 삭제 -->
	<delete id="deleteReply">
		delete reply
	   		where repNum = #{repNum}
	       		and userId = #{userId}
	</delete>
	
	<!-- 아이디 체크 -->
	<select id="replyUserIdCheck" resultType="String">
		select userId
			from reply
	   			where repNum = #{repNum}
	</select>

	<!-- 상품 소감(댓글) 수정 -->
	<update id="modifyReply">
		update reply
		    set
		        repCon = #{repCon}
		    where repNum = #{repNum}
		        and userId = #{userId}
	</update>
	
	<!-- 카트 담기 -->
	<insert id="addCart">
		insert into cart (cartNum, userId, gdsNum, cartStock)
	   		values (cart_seq.nextval, #{userId}, #{gdsNum}, #{cartStock})
	</insert>
	
	<!-- 카트 리스트 -->
	<select id="cartList" resultType="com.kkt.domain.CartListVO">
		select
		    row_number() over(order by c.cartNum desc) as num,
		    c.cartNum, c.userId, c.gdsNum, c.cartStock, c.addDate,
		    g.gdsName, g.gdsPrice, g.gdsThumbImg
		from cart c
		    inner join goods g
		        on c.gdsNum = g.gdsNum    
		    where c.userId = #{userId}
	</select>
	
	<!-- 카트 삭제 -->
	<delete id="deleteCart">
		delete cart
		    where cartNum = #{cartNum}
		        and userId = #{userId}
	</delete>
	
	<!-- 주문 정보 -->
	<insert id="orderInfo">
		insert into tbl_order(orderId, userId, orderRec, userAddr1, userAddr2, userAddr3, orderPhon, amount)
	    	values(#{orderId}, #{userId}, #{orderRec}, #{userAddr1}, #{userAddr2}, #{userAddr3}, #{orderPhon}, #{amount})
	</insert>
	    
	<!-- 주문 상세 정보 -->  
	<insert id="orderInfo_Details">
		insert into tbl_order_details(orderId, gdsNum, cartStock)
		    select #{orderId}, gdsNum, cartStock
		        from cart    
	</insert>	    
		    
	<!-- 카트 비우기 -->
	<delete id="cartAllDelete">
		delete cart
		    where userId = #{userId}
	</delete>
	
	<!-- 특정 유저의 주문 목록 -->
	<select id="orderList" resultType="com.kkt.domain.OrderVO">
		select 
		    orderId, userId, orderRec,
		    userAddr1, userAddr2, userAddr3,
		    orderPhon, amount, orderDate, delivery
		from tbl_order  
		    where userId = #{userId}
	</select>
	
	<!-- 특정 주문 목록 -->
	<select id="orderView" resultType="com.kkt.domain.OrderListVO">
		select 
		    o.orderId, o.userId, o.orderRec,
		    o.userAddr1, o.userAddr2, o.userAddr3,
		    o.orderPhon, o.amount, o.orderDate, o.delivery,
		    d.orderDetailsNum, d.gdsNum, d.cartStock,
		    g.gdsName, g.gdsThumbImg, g.gdsPrice
		from tbl_order o
		        inner join tbl_order_details d
		            on o.orderId = d.orderId
		        inner join goods g
		            on d.gdsNum = g.gdsNum
		    where o.userId = #{userId}
		        and o.orderId = #{orderId}
	</select>
	
	<select id="cateList" resultType="com.kkt.domain.CategoryVO">
		select catename, catecode, catecoderef 
		from goods_category order by catecode desc
	</select>
	
</mapper>